{
  "label": "claude46_test_full",
  "backend": "claude46",
  "model_id": "claude-opus-4-6",
  "split": "test",
  "n_contracts": 102,
  "n_questions": 4182,
  "elapsed_sec": 4121.0,
  "overall": {
    "aupr": 0.4981457201666443,
    "prec_at_80_recall": 0.0,
    "prec_at_90_recall": 0.0
  },
  "per_category": {
    "Affiliate License-Licensee": {
      "aupr": 0.5572588879606424,
      "prec_at_80_recall": 0.0,
      "prec_at_90_recall": 0.0
    },
    "Affiliate License-Licensor": {
      "aupr": 0.2782967032967033,
      "prec_at_80_recall": 0.0,
      "prec_at_90_recall": 0.0
    },
    "Agreement Date": {
      "aupr": 0.16765396673574576,
      "prec_at_80_recall": 0.0,
      "prec_at_90_recall": 0.0
    },
    "Anti-Assignment": {
      "aupr": 0.5555894883053203,
      "prec_at_80_recall": 0.0,
      "prec_at_90_recall": 0.0
    },
    "Audit Rights": {
      "aupr": 0.2651629072681704,
      "prec_at_80_recall": 0.0,
      "prec_at_90_recall": 0.0
    },
    "Cap On Liability": {
      "aupr": 0.419282190523291,
      "prec_at_80_recall": 0.0,
      "prec_at_90_recall": 0.0
    },
    "Change Of Control": {
      "aupr": 0.22298656924944196,
      "prec_at_80_recall": 0.0,
      "prec_at_90_recall": 0.0
    },
    "Competitive Restriction Exception": {
      "aupr": 0.33479459918139165,
      "prec_at_80_recall": 0.0,
      "prec_at_90_recall": 0.0
    },
    "Covenant Not To Sue": {
      "aupr": 0.641679268670117,
      "prec_at_80_recall": 0.0,
      "prec_at_90_recall": 0.0
    },
    "Document Name": {
      "aupr": 0.8389577143489717,
      "prec_at_80_recall": 0.8571428571428571,
      "prec_at_90_recall": 0.8532110091743119
    },
    "Effective Date": {
      "aupr": 0.10452784044985997,
      "prec_at_80_recall": 0.0,
      "prec_at_90_recall": 0.0
    },
    "Exclusivity": {
      "aupr": 0.46503321291650507,
      "prec_at_80_recall": 0.0,
      "prec_at_90_recall": 0.0
    },
    "Expiration Date": {
      "aupr": 0.6760315955035768,
      "prec_at_80_recall": 0.723404255319149,
      "prec_at_90_recall": 0.0
    },
    "Governing Law": {
      "aupr": 0.8226713669115191,
      "prec_at_80_recall": 0.8837209302325582,
      "prec_at_90_recall": 0.8617021276595744
    },
    "Insurance": {
      "aupr": 0.35294806447169025,
      "prec_at_80_recall": 0.0,
      "prec_at_90_recall": 0.0
    },
    "Ip Ownership Assignment": {
      "aupr": 0.2804347040886823,
      "prec_at_80_recall": 0.0,
      "prec_at_90_recall": 0.0
    },
    "Irrevocable Or Perpetual License": {
      "aupr": 0.6161663750168259,
      "prec_at_80_recall": 0.0,
      "prec_at_90_recall": 0.0
    },
    "Joint Ip Ownership": {
      "aupr": 0.5238095238095237,
      "prec_at_80_recall": 0.0,
      "prec_at_90_recall": 0.0
    },
    "License Grant": {
      "aupr": 0.4846469259632131,
      "prec_at_80_recall": 0.0,
      "prec_at_90_recall": 0.0
    },
    "Liquidated Damages": {
      "aupr": 0.5205627705627707,
      "prec_at_80_recall": 0.0,
      "prec_at_90_recall": 0.0
    },
    "Minimum Commitment": {
      "aupr": 0.25650252525252526,
      "prec_at_80_recall": 0.0,
      "prec_at_90_recall": 0.0
    },
    "Most Favored Nation": {
      "aupr": 0.6666666666666666,
      "prec_at_80_recall": 0.0,
      "prec_at_90_recall": 0.0
    },
    "No-Solicit Of Customers": {
      "aupr": 0.5733333333333334,
      "prec_at_80_recall": 0.0,
      "prec_at_90_recall": 0.0
    },
    "No-Solicit Of Employees": {
      "aupr": 0.7666666666666666,
      "prec_at_80_recall": 0.0,
      "prec_at_90_recall": 0.0
    },
    "Non-Compete": {
      "aupr": 0.3859888315797543,
      "prec_at_80_recall": 0.0,
      "prec_at_90_recall": 0.0
    },
    "Non-Disparagement": {
      "aupr": 0.3928571428571429,
      "prec_at_80_recall": 0.0,
      "prec_at_90_recall": 0.0
    },
    "Non-Transferable License": {
      "aupr": 0.4884156206773308,
      "prec_at_80_recall": 0.0,
      "prec_at_90_recall": 0.0
    },
    "Notice Period To Terminate Renewal": {
      "aupr": 0.6768518518518518,
      "prec_at_80_recall": 0.0,
      "prec_at_90_recall": 0.0
    },
    "Parties": {
      "aupr": 0.9258669486723451,
      "prec_at_80_recall": 0.9821428571428571,
      "prec_at_90_recall": 0.9821428571428571
    },
    "Post-Termination Services": {
      "aupr": 0.07320768662232077,
      "prec_at_80_recall": 0.0,
      "prec_at_90_recall": 0.0
    },
    "Price Restrictions": {
      "aupr": 0.0,
      "prec_at_80_recall": 0.0,
      "prec_at_90_recall": 0.0
    },
    "Renewal Term": {
      "aupr": 0.6905535471511556,
      "prec_at_80_recall": 0.0,
      "prec_at_90_recall": 0.0
    },
    "Revenue/Profit Sharing": {
      "aupr": 0.41204626901537444,
      "prec_at_80_recall": 0.0,
      "prec_at_90_recall": 0.0
    },
    "Rofr/Rofo/Rofn": {
      "aupr": 0.3562618595825427,
      "prec_at_80_recall": 0.0,
      "prec_at_90_recall": 0.0
    },
    "Source Code Escrow": {
      "aupr": 0.8,
      "prec_at_80_recall": 1.0,
      "prec_at_90_recall": 0.0
    },
    "Termination For Convenience": {
      "aupr": 0.5016284799211628,
      "prec_at_80_recall": 0.0,
      "prec_at_90_recall": 0.0
    },
    "Third Party Beneficiary": {
      "aupr": 0.5212904103569065,
      "prec_at_80_recall": 0.391304347826087,
      "prec_at_90_recall": 0.29411764705882354
    },
    "Uncapped Liability": {
      "aupr": 0.35895182291666666,
      "prec_at_80_recall": 0.203125,
      "prec_at_90_recall": 0.0
    },
    "Unlimited/All-You-Can-Eat-License": {
      "aupr": 0.5198863636363636,
      "prec_at_80_recall": 0.0,
      "prec_at_90_recall": 0.0
    },
    "Volume Restriction": {
      "aupr": 0.016664585414585414,
      "prec_at_80_recall": 0.0,
      "prec_at_90_recall": 0.0
    },
    "Warranty Duration": {
      "aupr": 0.3684210526315789,
      "prec_at_80_recall": 0.0,
      "prec_at_90_recall": 0.0
    }
  },
  "cost": {
    "model": "claude-opus-4-6",
    "calls": 102,
    "input_tokens": 3032944,
    "cache_write_tokens": 1051082,
    "cache_read_tokens": 42043280,
    "output_tokens": 337283,
    "cache_hit_rate": 0.934,
    "cost_usd": 153.5631,
    "pricing_known": true
  },
  "cost_per_contract_usd": 1.5055,
  "extrapolated_full_test_usd": 153.56,
  "cumulative_spend_usd": 493.7745
}