{
  "label": "claude48_test_full",
  "backend": "claude48",
  "model_id": "claude-opus-4-8",
  "split": "test",
  "n_contracts": 102,
  "n_questions": 4182,
  "elapsed_sec": 15848.7,
  "overall": {
    "aupr": 0.5612734336090937,
    "prec_at_80_recall": 0.0,
    "prec_at_90_recall": 0.0
  },
  "per_category": {
    "Affiliate License-Licensee": {
      "aupr": 0.35036119711042313,
      "prec_at_80_recall": 0.0,
      "prec_at_90_recall": 0.0
    },
    "Affiliate License-Licensor": {
      "aupr": 0.40535714285714286,
      "prec_at_80_recall": 0.0,
      "prec_at_90_recall": 0.0
    },
    "Agreement Date": {
      "aupr": 0.11677218370013064,
      "prec_at_80_recall": 0.0,
      "prec_at_90_recall": 0.0
    },
    "Anti-Assignment": {
      "aupr": 0.5812595886476474,
      "prec_at_80_recall": 0.0,
      "prec_at_90_recall": 0.0
    },
    "Audit Rights": {
      "aupr": 0.44146258878992717,
      "prec_at_80_recall": 0.0,
      "prec_at_90_recall": 0.0
    },
    "Cap On Liability": {
      "aupr": 0.5225459526297387,
      "prec_at_80_recall": 0.0,
      "prec_at_90_recall": 0.0
    },
    "Change Of Control": {
      "aupr": 0.33717352092352093,
      "prec_at_80_recall": 0.0,
      "prec_at_90_recall": 0.0
    },
    "Competitive Restriction Exception": {
      "aupr": 0.414863723562554,
      "prec_at_80_recall": 0.0,
      "prec_at_90_recall": 0.0
    },
    "Covenant Not To Sue": {
      "aupr": 0.6055241624938366,
      "prec_at_80_recall": 0.0,
      "prec_at_90_recall": 0.0
    },
    "Document Name": {
      "aupr": 0.8869182600362664,
      "prec_at_80_recall": 0.9361702127659575,
      "prec_at_90_recall": 0.9207920792079208
    },
    "Effective Date": {
      "aupr": 0.08448431091873715,
      "prec_at_80_recall": 0.0,
      "prec_at_90_recall": 0.0
    },
    "Exclusivity": {
      "aupr": 0.2955540595937785,
      "prec_at_80_recall": 0.0,
      "prec_at_90_recall": 0.0
    },
    "Expiration Date": {
      "aupr": 0.708481758964048,
      "prec_at_80_recall": 0.8095238095238095,
      "prec_at_90_recall": 0.0
    },
    "Governing Law": {
      "aupr": 0.9242921829128726,
      "prec_at_80_recall": 0.9761904761904762,
      "prec_at_90_recall": 0.9761904761904762
    },
    "Insurance": {
      "aupr": 0.34147645591600573,
      "prec_at_80_recall": 0.0,
      "prec_at_90_recall": 0.0
    },
    "Ip Ownership Assignment": {
      "aupr": 0.3088565239090347,
      "prec_at_80_recall": 0.0,
      "prec_at_90_recall": 0.0
    },
    "Irrevocable Or Perpetual License": {
      "aupr": 0.6589591567852437,
      "prec_at_80_recall": 0.0,
      "prec_at_90_recall": 0.0
    },
    "Joint Ip Ownership": {
      "aupr": 0.5238095238095237,
      "prec_at_80_recall": 0.0,
      "prec_at_90_recall": 0.0
    },
    "License Grant": {
      "aupr": 0.5284832822783608,
      "prec_at_80_recall": 0.0,
      "prec_at_90_recall": 0.0
    },
    "Liquidated Damages": {
      "aupr": 0.5022511163176124,
      "prec_at_80_recall": 0.0,
      "prec_at_90_recall": 0.0
    },
    "Minimum Commitment": {
      "aupr": 0.17183850268089398,
      "prec_at_80_recall": 0.0,
      "prec_at_90_recall": 0.0
    },
    "Most Favored Nation": {
      "aupr": 0.6666666666666666,
      "prec_at_80_recall": 0.0,
      "prec_at_90_recall": 0.0
    },
    "No-Solicit Of Customers": {
      "aupr": 0.5012987012987014,
      "prec_at_80_recall": 0.0,
      "prec_at_90_recall": 0.0
    },
    "No-Solicit Of Employees": {
      "aupr": 0.6607638888888888,
      "prec_at_80_recall": 0.0,
      "prec_at_90_recall": 0.0
    },
    "Non-Compete": {
      "aupr": 0.5171117930868483,
      "prec_at_80_recall": 0.0,
      "prec_at_90_recall": 0.0
    },
    "Non-Disparagement": {
      "aupr": 0.36904761904761907,
      "prec_at_80_recall": 0.0,
      "prec_at_90_recall": 0.0
    },
    "Non-Transferable License": {
      "aupr": 0.503487284843217,
      "prec_at_80_recall": 0.0,
      "prec_at_90_recall": 0.0
    },
    "Notice Period To Terminate Renewal": {
      "aupr": 0.6806267806267806,
      "prec_at_80_recall": 0.0,
      "prec_at_90_recall": 0.0
    },
    "Parties": {
      "aupr": 0.9538813395475239,
      "prec_at_80_recall": 0.9936974789915967,
      "prec_at_90_recall": 0.9782178217821782
    },
    "Post-Termination Services": {
      "aupr": 0.10349694952558557,
      "prec_at_80_recall": 0.0,
      "prec_at_90_recall": 0.0
    },
    "Price Restrictions": {
      "aupr": 0.0,
      "prec_at_80_recall": 0.0,
      "prec_at_90_recall": 0.0
    },
    "Renewal Term": {
      "aupr": 0.7829750317813442,
      "prec_at_80_recall": 0.8620689655172413,
      "prec_at_90_recall": 0.0
    },
    "Revenue/Profit Sharing": {
      "aupr": 0.4232658405896034,
      "prec_at_80_recall": 0.0,
      "prec_at_90_recall": 0.0
    },
    "Rofr/Rofo/Rofn": {
      "aupr": 0.41060416101924635,
      "prec_at_80_recall": 0.0,
      "prec_at_90_recall": 0.0
    },
    "Source Code Escrow": {
      "aupr": 0.6,
      "prec_at_80_recall": 0.0,
      "prec_at_90_recall": 0.0
    },
    "Termination For Convenience": {
      "aupr": 0.6182032825967357,
      "prec_at_80_recall": 0.0,
      "prec_at_90_recall": 0.0
    },
    "Third Party Beneficiary": {
      "aupr": 0.6953364817001182,
      "prec_at_80_recall": 0.6428571428571429,
      "prec_at_90_recall": 0.45454545454545453
    },
    "Uncapped Liability": {
      "aupr": 0.5517632442224834,
      "prec_at_80_recall": 0.35135135135135137,
      "prec_at_90_recall": 0.0
    },
    "Unlimited/All-You-Can-Eat-License": {
      "aupr": 0.3333333333333333,
      "prec_at_80_recall": 0.0,
      "prec_at_90_recall": 0.0
    },
    "Volume Restriction": {
      "aupr": 0.014285714285714285,
      "prec_at_80_recall": 0.0,
      "prec_at_90_recall": 0.0
    },
    "Warranty Duration": {
      "aupr": 0.40350877192982454,
      "prec_at_80_recall": 0.0,
      "prec_at_90_recall": 0.0
    }
  },
  "cost": {
    "model": "claude-opus-4-8",
    "calls": 102,
    "input_tokens": 570558,
    "cache_write_tokens": 1634986,
    "cache_read_tokens": 65399440,
    "output_tokens": 367962,
    "cache_hit_rate": 0.992,
    "cost_usd": 164.9107,
    "pricing_known": true
  },
  "cost_per_contract_usd": 1.6168,
  "extrapolated_full_test_usd": 164.91,
  "cumulative_spend_usd": 202.7153
}