{
  "label": "gpt4o_test_full",
  "backend": "gpt4o",
  "model_id": "gpt-4o",
  "split": "test",
  "n_contracts": 102,
  "n_contracts_scored": 102,
  "n_questions": 4182,
  "question_errors": 0,
  "failed_contracts": [],
  "elapsed_sec": 9996.6,
  "overall": {
    "aupr": 0.42107172987031594,
    "prec_at_80_recall": 0.0,
    "prec_at_90_recall": 0.0
  },
  "per_category": {
    "Affiliate License-Licensee": {
      "aupr": 0.2505400249120981,
      "prec_at_80_recall": 0.0,
      "prec_at_90_recall": 0.0
    },
    "Affiliate License-Licensor": {
      "aupr": 0.07641509433962264,
      "prec_at_80_recall": 0.0,
      "prec_at_90_recall": 0.0
    },
    "Agreement Date": {
      "aupr": 0.07879523644351946,
      "prec_at_80_recall": 0.0,
      "prec_at_90_recall": 0.0
    },
    "Anti-Assignment": {
      "aupr": 0.42979922166934503,
      "prec_at_80_recall": 0.0,
      "prec_at_90_recall": 0.0
    },
    "Audit Rights": {
      "aupr": 0.2074370527431752,
      "prec_at_80_recall": 0.0,
      "prec_at_90_recall": 0.0
    },
    "Cap On Liability": {
      "aupr": 0.3211615154536391,
      "prec_at_80_recall": 0.0,
      "prec_at_90_recall": 0.0
    },
    "Change Of Control": {
      "aupr": 0.37101282222000287,
      "prec_at_80_recall": 0.0,
      "prec_at_90_recall": 0.0
    },
    "Competitive Restriction Exception": {
      "aupr": 0.1805626671218069,
      "prec_at_80_recall": 0.0,
      "prec_at_90_recall": 0.0
    },
    "Covenant Not To Sue": {
      "aupr": 0.2130681818181818,
      "prec_at_80_recall": 0.0,
      "prec_at_90_recall": 0.0
    },
    "Document Name": {
      "aupr": 0.7998141520822603,
      "prec_at_80_recall": 0.8207547169811321,
      "prec_at_90_recall": 0.0
    },
    "Effective Date": {
      "aupr": 0.1541551956158698,
      "prec_at_80_recall": 0.0,
      "prec_at_90_recall": 0.0
    },
    "Exclusivity": {
      "aupr": 0.361019204225726,
      "prec_at_80_recall": 0.0,
      "prec_at_90_recall": 0.0
    },
    "Expiration Date": {
      "aupr": 0.6427474930056687,
      "prec_at_80_recall": 0.6836734693877551,
      "prec_at_90_recall": 0.0
    },
    "Governing Law": {
      "aupr": 0.8493357487922706,
      "prec_at_80_recall": 0.8888888888888888,
      "prec_at_90_recall": 0.8804347826086957
    },
    "Insurance": {
      "aupr": 0.2981985664853555,
      "prec_at_80_recall": 0.0,
      "prec_at_90_recall": 0.0
    },
    "Ip Ownership Assignment": {
      "aupr": 0.23410249345639897,
      "prec_at_80_recall": 0.0,
      "prec_at_90_recall": 0.0
    },
    "Irrevocable Or Perpetual License": {
      "aupr": 0.5788043478260869,
      "prec_at_80_recall": 0.0,
      "prec_at_90_recall": 0.0
    },
    "Joint Ip Ownership": {
      "aupr": 0.4892857142857143,
      "prec_at_80_recall": 0.0,
      "prec_at_90_recall": 0.0
    },
    "License Grant": {
      "aupr": 0.3340653153153153,
      "prec_at_80_recall": 0.0,
      "prec_at_90_recall": 0.0
    },
    "Liquidated Damages": {
      "aupr": 0.4833759590792839,
      "prec_at_80_recall": 0.0,
      "prec_at_90_recall": 0.0
    },
    "Minimum Commitment": {
      "aupr": 0.18859717868338557,
      "prec_at_80_recall": 0.0,
      "prec_at_90_recall": 0.0
    },
    "Most Favored Nation": {
      "aupr": 0.3333333333333333,
      "prec_at_80_recall": 0.0,
      "prec_at_90_recall": 0.0
    },
    "No-Solicit Of Customers": {
      "aupr": 0.30000000000000004,
      "prec_at_80_recall": 0.0,
      "prec_at_90_recall": 0.0
    },
    "No-Solicit Of Employees": {
      "aupr": 0.6924603174603174,
      "prec_at_80_recall": 0.0,
      "prec_at_90_recall": 0.0
    },
    "Non-Compete": {
      "aupr": 0.17945119708794205,
      "prec_at_80_recall": 0.0,
      "prec_at_90_recall": 0.0
    },
    "Non-Disparagement": {
      "aupr": 0.3958333333333333,
      "prec_at_80_recall": 0.0,
      "prec_at_90_recall": 0.0
    },
    "Non-Transferable License": {
      "aupr": 0.28498763774751446,
      "prec_at_80_recall": 0.0,
      "prec_at_90_recall": 0.0
    },
    "Notice Period To Terminate Renewal": {
      "aupr": 0.7565294646873595,
      "prec_at_80_recall": 0.64,
      "prec_at_90_recall": 0.4473684210526316
    },
    "Parties": {
      "aupr": 0.8532013771636822,
      "prec_at_80_recall": 0.8401976935749588,
      "prec_at_90_recall": 0.8401976935749588
    },
    "Post-Termination Services": {
      "aupr": 0.05002771618625278,
      "prec_at_80_recall": 0.0,
      "prec_at_90_recall": 0.0
    },
    "Price Restrictions": {
      "aupr": 0.0,
      "prec_at_80_recall": 0.0,
      "prec_at_90_recall": 0.0
    },
    "Renewal Term": {
      "aupr": 0.6080475382003395,
      "prec_at_80_recall": 0.45614035087719296,
      "prec_at_90_recall": 0.0
    },
    "Revenue/Profit Sharing": {
      "aupr": 0.26947202353415656,
      "prec_at_80_recall": 0.0,
      "prec_at_90_recall": 0.0
    },
    "Rofr/Rofo/Rofn": {
      "aupr": 0.22777510213571595,
      "prec_at_80_recall": 0.0,
      "prec_at_90_recall": 0.0
    },
    "Source Code Escrow": {
      "aupr": 0.9166666666666667,
      "prec_at_80_recall": 0.8333333333333334,
      "prec_at_90_recall": 0.8333333333333334
    },
    "Termination For Convenience": {
      "aupr": 0.40387374461979914,
      "prec_at_80_recall": 0.0,
      "prec_at_90_recall": 0.0
    },
    "Third Party Beneficiary": {
      "aupr": 0.10227272727272727,
      "prec_at_80_recall": 0.0,
      "prec_at_90_recall": 0.0
    },
    "Uncapped Liability": {
      "aupr": 0.06260028883183569,
      "prec_at_80_recall": 0.0,
      "prec_at_90_recall": 0.0
    },
    "Unlimited/All-You-Can-Eat-License": {
      "aupr": 0.1,
      "prec_at_80_recall": 0.0,
      "prec_at_90_recall": 0.0
    },
    "Volume Restriction": {
      "aupr": 0.010285714285714285,
      "prec_at_80_recall": 0.0,
      "prec_at_90_recall": 0.0
    },
    "Warranty Duration": {
      "aupr": 0.26216857934309457,
      "prec_at_80_recall": 0.0,
      "prec_at_90_recall": 0.0
    }
  },
  "cost": {
    "model": "gpt-4o",
    "calls": 102,
    "input_tokens": 1820788,
    "cache_write_tokens": 0,
    "cache_read_tokens": 39908992,
    "output_tokens": 384362,
    "cache_hit_rate": 0.956,
    "cost_usd": 58.2818,
    "pricing_known": true
  },
  "cost_per_contract_usd": 0.5714,
  "extrapolated_full_test_usd": 58.28,
  "cumulative_spend_usd": 552.223
}