{
  "label": "gpt_test_full",
  "backend": "gpt",
  "model_id": "gpt-5.2",
  "split": "test",
  "n_contracts": 102,
  "n_questions": 4182,
  "elapsed_sec": 13512.5,
  "overall": {
    "aupr": 0.422877939458047,
    "prec_at_80_recall": 0.0,
    "prec_at_90_recall": 0.0
  },
  "per_category": {
    "Affiliate License-Licensee": {
      "aupr": 0.4381224801133268,
      "prec_at_80_recall": 0.0,
      "prec_at_90_recall": 0.0
    },
    "Affiliate License-Licensor": {
      "aupr": 0.12327586206896553,
      "prec_at_80_recall": 0.0,
      "prec_at_90_recall": 0.0
    },
    "Agreement Date": {
      "aupr": 0.05406116210102597,
      "prec_at_80_recall": 0.0,
      "prec_at_90_recall": 0.0
    },
    "Anti-Assignment": {
      "aupr": 0.43981248366289705,
      "prec_at_80_recall": 0.0,
      "prec_at_90_recall": 0.0
    },
    "Audit Rights": {
      "aupr": 0.25521048999309864,
      "prec_at_80_recall": 0.0,
      "prec_at_90_recall": 0.0
    },
    "Cap On Liability": {
      "aupr": 0.3328888866790891,
      "prec_at_80_recall": 0.0,
      "prec_at_90_recall": 0.0
    },
    "Change Of Control": {
      "aupr": 0.14272840235230433,
      "prec_at_80_recall": 0.0,
      "prec_at_90_recall": 0.0
    },
    "Competitive Restriction Exception": {
      "aupr": 0.22450984897221454,
      "prec_at_80_recall": 0.0,
      "prec_at_90_recall": 0.0
    },
    "Covenant Not To Sue": {
      "aupr": 0.46741394931377034,
      "prec_at_80_recall": 0.0,
      "prec_at_90_recall": 0.0
    },
    "Document Name": {
      "aupr": 0.4708087308238955,
      "prec_at_80_recall": 0.0,
      "prec_at_90_recall": 0.0
    },
    "Effective Date": {
      "aupr": 0.06983760071207358,
      "prec_at_80_recall": 0.0,
      "prec_at_90_recall": 0.0
    },
    "Exclusivity": {
      "aupr": 0.40999126331433755,
      "prec_at_80_recall": 0.0,
      "prec_at_90_recall": 0.0
    },
    "Expiration Date": {
      "aupr": 0.5891403615253215,
      "prec_at_80_recall": 0.0,
      "prec_at_90_recall": 0.0
    },
    "Governing Law": {
      "aupr": 0.8985924353409998,
      "prec_at_80_recall": 0.9382716049382716,
      "prec_at_90_recall": 0.9204545454545454
    },
    "Insurance": {
      "aupr": 0.20391329849980483,
      "prec_at_80_recall": 0.0,
      "prec_at_90_recall": 0.0
    },
    "Ip Ownership Assignment": {
      "aupr": 0.3507213351331978,
      "prec_at_80_recall": 0.0,
      "prec_at_90_recall": 0.0
    },
    "Irrevocable Or Perpetual License": {
      "aupr": 0.5981900214886983,
      "prec_at_80_recall": 0.0,
      "prec_at_90_recall": 0.0
    },
    "Joint Ip Ownership": {
      "aupr": 0.23137973137973136,
      "prec_at_80_recall": 0.0,
      "prec_at_90_recall": 0.0
    },
    "License Grant": {
      "aupr": 0.4276671892300458,
      "prec_at_80_recall": 0.0,
      "prec_at_90_recall": 0.0
    },
    "Liquidated Damages": {
      "aupr": 0.31797791580400275,
      "prec_at_80_recall": 0.0,
      "prec_at_90_recall": 0.0
    },
    "Minimum Commitment": {
      "aupr": 0.15745110116482566,
      "prec_at_80_recall": 0.0,
      "prec_at_90_recall": 0.0
    },
    "Most Favored Nation": {
      "aupr": 0.6666666666666666,
      "prec_at_80_recall": 0.0,
      "prec_at_90_recall": 0.0
    },
    "No-Solicit Of Customers": {
      "aupr": 0.28888888888888886,
      "prec_at_80_recall": 0.0,
      "prec_at_90_recall": 0.0
    },
    "No-Solicit Of Employees": {
      "aupr": 0.6258708611649788,
      "prec_at_80_recall": 0.0,
      "prec_at_90_recall": 0.0
    },
    "Non-Compete": {
      "aupr": 0.23587894097709083,
      "prec_at_80_recall": 0.0,
      "prec_at_90_recall": 0.0
    },
    "Non-Disparagement": {
      "aupr": 0.3425925925925926,
      "prec_at_80_recall": 0.0,
      "prec_at_90_recall": 0.0
    },
    "Non-Transferable License": {
      "aupr": 0.4468238732548874,
      "prec_at_80_recall": 0.0,
      "prec_at_90_recall": 0.0
    },
    "Notice Period To Terminate Renewal": {
      "aupr": 0.799558080808081,
      "prec_at_80_recall": 0.45454545454545453,
      "prec_at_90_recall": 0.0
    },
    "Parties": {
      "aupr": 0.8924380036182749,
      "prec_at_80_recall": 0.9262589928057554,
      "prec_at_90_recall": 0.9262589928057554
    },
    "Post-Termination Services": {
      "aupr": 0.034843143506573415,
      "prec_at_80_recall": 0.0,
      "prec_at_90_recall": 0.0
    },
    "Price Restrictions": {
      "aupr": 0.0,
      "prec_at_80_recall": 0.0,
      "prec_at_90_recall": 0.0
    },
    "Renewal Term": {
      "aupr": 0.5925018687827037,
      "prec_at_80_recall": 0.49019607843137253,
      "prec_at_90_recall": 0.0
    },
    "Revenue/Profit Sharing": {
      "aupr": 0.2804074138013423,
      "prec_at_80_recall": 0.0,
      "prec_at_90_recall": 0.0
    },
    "Rofr/Rofo/Rofn": {
      "aupr": 0.3719165085388994,
      "prec_at_80_recall": 0.0,
      "prec_at_90_recall": 0.0
    },
    "Source Code Escrow": {
      "aupr": 0.8,
      "prec_at_80_recall": 1.0,
      "prec_at_90_recall": 0.0
    },
    "Termination For Convenience": {
      "aupr": 0.4877369074015415,
      "prec_at_80_recall": 0.0,
      "prec_at_90_recall": 0.0
    },
    "Third Party Beneficiary": {
      "aupr": 0.3545155502392344,
      "prec_at_80_recall": 0.28125,
      "prec_at_90_recall": 0.25
    },
    "Uncapped Liability": {
      "aupr": 0.3494791666666667,
      "prec_at_80_recall": 0.0,
      "prec_at_90_recall": 0.0
    },
    "Unlimited/All-You-Can-Eat-License": {
      "aupr": 0.1468253968253968,
      "prec_at_80_recall": 0.0,
      "prec_at_90_recall": 0.0
    },
    "Volume Restriction": {
      "aupr": 0.03827215096564942,
      "prec_at_80_recall": 0.0,
      "prec_at_90_recall": 0.0
    },
    "Warranty Duration": {
      "aupr": 0.3447368421052631,
      "prec_at_80_recall": 0.0,
      "prec_at_90_recall": 0.0
    }
  },
  "cost": {
    "model": "gpt-5.2",
    "calls": 102,
    "input_tokens": 3190430,
    "cache_write_tokens": 0,
    "cache_read_tokens": 38535168,
    "output_tokens": 394466,
    "cache_hit_rate": 0.924,
    "cost_usd": 12.7496,
    "pricing_known": true
  },
  "cost_per_contract_usd": 0.125,
  "extrapolated_full_test_usd": 12.75,
  "cumulative_spend_usd": 37.8046
}