{
  "base_model": "Qwen/Qwen2.5-0.5B-Instruct",
  "adapter": "outputs/lr_2e-4/final_adapter",
  "split": "data/cuad/dev.json",
  "limit": null,
  "n_qas": 2280,
  "overall": {
    "aupr": 0.2872907723577776,
    "prec_at_80_recall": 0.0,
    "prec_at_90_recall": 0.0
  },
  "per_category": {
    "Affiliate License-Licensee": {
      "aupr": 0.1084967320261438,
      "prec_at_80_recall": 0.0,
      "prec_at_90_recall": 0.0
    },
    "Affiliate License-Licensor": {
      "aupr": 0.23333333333333334,
      "prec_at_80_recall": 0.0,
      "prec_at_90_recall": 0.0
    },
    "Agreement Date": {
      "aupr": 0.755471367293904,
      "prec_at_80_recall": 0.8292682926829268,
      "prec_at_90_recall": 0.0
    },
    "Anti-Assignment": {
      "aupr": 0.4448446698140701,
      "prec_at_80_recall": 0.0,
      "prec_at_90_recall": 0.0
    },
    "Audit Rights": {
      "aupr": 0.09703020993343572,
      "prec_at_80_recall": 0.0,
      "prec_at_90_recall": 0.0
    },
    "Cap On Liability": {
      "aupr": 0.2128070175438596,
      "prec_at_80_recall": 0.0,
      "prec_at_90_recall": 0.0
    },
    "Change Of Control": {
      "aupr": 0.5038789335664335,
      "prec_at_80_recall": 0.0,
      "prec_at_90_recall": 0.0
    },
    "Competitive Restriction Exception": {
      "aupr": 0.02666666666666667,
      "prec_at_80_recall": 0.0,
      "prec_at_90_recall": 0.0
    },
    "Covenant Not To Sue": {
      "aupr": 0.23333333333333334,
      "prec_at_80_recall": 0.0,
      "prec_at_90_recall": 0.0
    },
    "Document Name": {
      "aupr": 0.7874000885616778,
      "prec_at_80_recall": 0.868421052631579,
      "prec_at_90_recall": 0.0
    },
    "Effective Date": {
      "aupr": 0.4725274725274725,
      "prec_at_80_recall": 0.0,
      "prec_at_90_recall": 0.0
    },
    "Exclusivity": {
      "aupr": 0.0661764705882353,
      "prec_at_80_recall": 0.0,
      "prec_at_90_recall": 0.0
    },
    "Expiration Date": {
      "aupr": 0.6637872628726287,
      "prec_at_80_recall": 0.0,
      "prec_at_90_recall": 0.0
    },
    "Governing Law": {
      "aupr": 0.8634615384615385,
      "prec_at_80_recall": 0.9230769230769231,
      "prec_at_90_recall": 0.9230769230769231
    },
    "Insurance": {
      "aupr": 0.1331333294986194,
      "prec_at_80_recall": 0.0,
      "prec_at_90_recall": 0.0
    },
    "Ip Ownership Assignment": {
      "aupr": 0.10631868131868133,
      "prec_at_80_recall": 0.0,
      "prec_at_90_recall": 0.0
    },
    "Irrevocable Or Perpetual License": {
      "aupr": 0.4516472805946491,
      "prec_at_80_recall": 0.0,
      "prec_at_90_recall": 0.0
    },
    "Joint Ip Ownership": {
      "aupr": 0.10526315789473684,
      "prec_at_80_recall": 0.0,
      "prec_at_90_recall": 0.0
    },
    "License Grant": {
      "aupr": 0.18103665413092976,
      "prec_at_80_recall": 0.0,
      "prec_at_90_recall": 0.0
    },
    "Liquidated Damages": {
      "aupr": 0.12142857142857141,
      "prec_at_80_recall": 0.0,
      "prec_at_90_recall": 0.0
    },
    "Minimum Commitment": {
      "aupr": 0.0641025641025641,
      "prec_at_80_recall": 0.0,
      "prec_at_90_recall": 0.0
    },
    "Most Favored Nation": {
      "aupr": 0.2303030303030303,
      "prec_at_80_recall": 0.0,
      "prec_at_90_recall": 0.0
    },
    "No-Solicit Of Customers": {
      "aupr": 0.25,
      "prec_at_80_recall": 0.0,
      "prec_at_90_recall": 0.0
    },
    "No-Solicit Of Employees": {
      "aupr": 1.0,
      "prec_at_80_recall": 1.0,
      "prec_at_90_recall": 1.0
    },
    "Non-Compete": {
      "aupr": 0.1519607843137255,
      "prec_at_80_recall": 0.0,
      "prec_at_90_recall": 0.0
    },
    "Non-Disparagement": {
      "aupr": 0.3786549707602339,
      "prec_at_80_recall": 0.0,
      "prec_at_90_recall": 0.0
    },
    "Non-Transferable License": {
      "aupr": 0.3625096762351664,
      "prec_at_80_recall": 0.0,
      "prec_at_90_recall": 0.0
    },
    "Notice Period To Terminate Renewal": {
      "aupr": 0.9674586776859504,
      "prec_at_80_recall": 1.0,
      "prec_at_90_recall": 0.9090909090909091
    },
    "Parties": {
      "aupr": 0.2239877551957813,
      "prec_at_80_recall": 0.0,
      "prec_at_90_recall": 0.0
    },
    "Post-Termination Services": {
      "aupr": 0.038894246223079396,
      "prec_at_80_recall": 0.0,
      "prec_at_90_recall": 0.0
    },
    "Price Restrictions": {
      "aupr": 0.15,
      "prec_at_80_recall": 0.13333333333333333,
      "prec_at_90_recall": 0.13333333333333333
    },
    "Renewal Term": {
      "aupr": 0.6790726817042607,
      "prec_at_80_recall": 0.0,
      "prec_at_90_recall": 0.0
    },
    "Revenue/Profit Sharing": {
      "aupr": 0.08641227455033096,
      "prec_at_80_recall": 0.0,
      "prec_at_90_recall": 0.0
    },
    "Rofr/Rofo/Rofn": {
      "aupr": 0.05411255411255411,
      "prec_at_80_recall": 0.0,
      "prec_at_90_recall": 0.0
    },
    "Source Code Escrow": {
      "aupr": 0.06512605042016806,
      "prec_at_80_recall": 0.0,
      "prec_at_90_recall": 0.0
    },
    "Termination For Convenience": {
      "aupr": 0.372192845018932,
      "prec_at_80_recall": 0.0,
      "prec_at_90_recall": 0.0
    },
    "Third Party Beneficiary": {
      "aupr": 0.5272321428571428,
      "prec_at_80_recall": 0.0,
      "prec_at_90_recall": 0.0
    },
    "Uncapped Liability": {
      "aupr": 0.3794642857142857,
      "prec_at_80_recall": 0.0,
      "prec_at_90_recall": 0.0
    },
    "Unlimited/All-You-Can-Eat-License": {
      "aupr": 0.2857142857142857,
      "prec_at_80_recall": 0.0,
      "prec_at_90_recall": 0.0
    },
    "Volume Restriction": {
      "aupr": 0.1927373652917131,
      "prec_at_80_recall": 0.0,
      "prec_at_90_recall": 0.0
    },
    "Warranty Duration": {
      "aupr": 0.057731694828469016,
      "prec_at_80_recall": 0.0,
      "prec_at_90_recall": 0.0
    }
  }
}