{
  "base_model": "Qwen/Qwen2.5-0.5B-Instruct",
  "adapter": "outputs/lr_4e-4/final_adapter",
  "split": "data/cuad/dev.json",
  "limit": null,
  "n_qas": 2280,
  "overall": {
    "aupr": 0.28773083126908366,
    "prec_at_80_recall": 0.0,
    "prec_at_90_recall": 0.0
  },
  "per_category": {
    "Affiliate License-Licensee": {
      "aupr": 0.005291005291005291,
      "prec_at_80_recall": 0.0,
      "prec_at_90_recall": 0.0
    },
    "Affiliate License-Licensor": {
      "aupr": 0.23333333333333334,
      "prec_at_80_recall": 0.0,
      "prec_at_90_recall": 0.0
    },
    "Agreement Date": {
      "aupr": 0.696300794456654,
      "prec_at_80_recall": 0.0,
      "prec_at_90_recall": 0.0
    },
    "Anti-Assignment": {
      "aupr": 0.45163220551378447,
      "prec_at_80_recall": 0.0,
      "prec_at_90_recall": 0.0
    },
    "Audit Rights": {
      "aupr": 0.12537685049205785,
      "prec_at_80_recall": 0.0,
      "prec_at_90_recall": 0.0
    },
    "Cap On Liability": {
      "aupr": 0.20602584191571366,
      "prec_at_80_recall": 0.0,
      "prec_at_90_recall": 0.0
    },
    "Change Of Control": {
      "aupr": 0.33184523809523814,
      "prec_at_80_recall": 0.0,
      "prec_at_90_recall": 0.0
    },
    "Competitive Restriction Exception": {
      "aupr": 0.016666666666666666,
      "prec_at_80_recall": 0.0,
      "prec_at_90_recall": 0.0
    },
    "Covenant Not To Sue": {
      "aupr": 0.1753472222222222,
      "prec_at_80_recall": 0.0,
      "prec_at_90_recall": 0.0
    },
    "Document Name": {
      "aupr": 0.8805264310265053,
      "prec_at_80_recall": 0.9444444444444444,
      "prec_at_90_recall": 0.9024390243902439
    },
    "Effective Date": {
      "aupr": 0.4585911895122422,
      "prec_at_80_recall": 0.0,
      "prec_at_90_recall": 0.0
    },
    "Exclusivity": {
      "aupr": 0.07107240930770342,
      "prec_at_80_recall": 0.0,
      "prec_at_90_recall": 0.0
    },
    "Expiration Date": {
      "aupr": 0.6701204230087413,
      "prec_at_80_recall": 0.0,
      "prec_at_90_recall": 0.0
    },
    "Governing Law": {
      "aupr": 0.8634615384615385,
      "prec_at_80_recall": 0.9230769230769231,
      "prec_at_90_recall": 0.9230769230769231
    },
    "Insurance": {
      "aupr": 0.13944088273607316,
      "prec_at_80_recall": 0.0,
      "prec_at_90_recall": 0.0
    },
    "Ip Ownership Assignment": {
      "aupr": 0.06020066889632107,
      "prec_at_80_recall": 0.0,
      "prec_at_90_recall": 0.0
    },
    "Irrevocable Or Perpetual License": {
      "aupr": 0.4775411856661857,
      "prec_at_80_recall": 0.0,
      "prec_at_90_recall": 0.0
    },
    "Joint Ip Ownership": {
      "aupr": 0.04391534391534392,
      "prec_at_80_recall": 0.0,
      "prec_at_90_recall": 0.0
    },
    "License Grant": {
      "aupr": 0.14460696626028435,
      "prec_at_80_recall": 0.0,
      "prec_at_90_recall": 0.0
    },
    "Liquidated Damages": {
      "aupr": 0.07347915242652084,
      "prec_at_80_recall": 0.0,
      "prec_at_90_recall": 0.0
    },
    "Minimum Commitment": {
      "aupr": 0.08012820512820513,
      "prec_at_80_recall": 0.0,
      "prec_at_90_recall": 0.0
    },
    "Most Favored Nation": {
      "aupr": 0.25,
      "prec_at_80_recall": 0.0,
      "prec_at_90_recall": 0.0
    },
    "No-Solicit Of Customers": {
      "aupr": 0.5,
      "prec_at_80_recall": 0.0,
      "prec_at_90_recall": 0.0
    },
    "No-Solicit Of Employees": {
      "aupr": 0.5,
      "prec_at_80_recall": 0.5,
      "prec_at_90_recall": 0.5
    },
    "Non-Compete": {
      "aupr": 0.15062388591800357,
      "prec_at_80_recall": 0.0,
      "prec_at_90_recall": 0.0
    },
    "Non-Disparagement": {
      "aupr": 0.25,
      "prec_at_80_recall": 0.0,
      "prec_at_90_recall": 0.0
    },
    "Non-Transferable License": {
      "aupr": 0.26817978317978314,
      "prec_at_80_recall": 0.0,
      "prec_at_90_recall": 0.0
    },
    "Notice Period To Terminate Renewal": {
      "aupr": 0.949991185285303,
      "prec_at_80_recall": 1.0,
      "prec_at_90_recall": 0.7692307692307693
    },
    "Parties": {
      "aupr": 0.27765138017049973,
      "prec_at_80_recall": 0.0,
      "prec_at_90_recall": 0.0
    },
    "Post-Termination Services": {
      "aupr": 0.04893501560168227,
      "prec_at_80_recall": 0.0,
      "prec_at_90_recall": 0.0
    },
    "Price Restrictions": {
      "aupr": 0.125,
      "prec_at_80_recall": 0.125,
      "prec_at_90_recall": 0.125
    },
    "Renewal Term": {
      "aupr": 0.6208049535603715,
      "prec_at_80_recall": 0.0,
      "prec_at_90_recall": 0.0
    },
    "Revenue/Profit Sharing": {
      "aupr": 0.14807668431834464,
      "prec_at_80_recall": 0.0,
      "prec_at_90_recall": 0.0
    },
    "Rofr/Rofo/Rofn": {
      "aupr": 0.0646020646020646,
      "prec_at_80_recall": 0.0,
      "prec_at_90_recall": 0.0
    },
    "Source Code Escrow": {
      "aupr": 0.08706816059757236,
      "prec_at_80_recall": 0.0,
      "prec_at_90_recall": 0.0
    },
    "Termination For Convenience": {
      "aupr": 0.36177536231884055,
      "prec_at_80_recall": 0.0,
      "prec_at_90_recall": 0.0
    },
    "Third Party Beneficiary": {
      "aupr": 0.5286057692307692,
      "prec_at_80_recall": 0.0,
      "prec_at_90_recall": 0.0
    },
    "Uncapped Liability": {
      "aupr": 0.3258928571428571,
      "prec_at_80_recall": 0.0,
      "prec_at_90_recall": 0.0
    },
    "Unlimited/All-You-Can-Eat-License": {
      "aupr": 0.20586080586080585,
      "prec_at_80_recall": 0.0,
      "prec_at_90_recall": 0.0
    },
    "Volume Restriction": {
      "aupr": 0.296494708994709,
      "prec_at_80_recall": 0.0,
      "prec_at_90_recall": 0.0
    },
    "Warranty Duration": {
      "aupr": 0.038786482334869435,
      "prec_at_80_recall": 0.0,
      "prec_at_90_recall": 0.0
    }
  }
}