{
  "label": "local_test_full",
  "backend": "local",
  "model_id": "local:Qwen3-14B+checkpoint-1250",
  "split": "test",
  "n_contracts": 102,
  "n_contracts_scored": 102,
  "n_questions": 4182,
  "question_errors": 0,
  "failed_contracts": [],
  "elapsed_sec": 41386.1,
  "overall": {
    "aupr": 0.2907848101196841,
    "prec_at_80_recall": 0.0,
    "prec_at_90_recall": 0.0
  },
  "per_category": {
    "Affiliate License-Licensee": {
      "aupr": 0.39835338848087604,
      "prec_at_80_recall": 0.0,
      "prec_at_90_recall": 0.0
    },
    "Affiliate License-Licensor": {
      "aupr": 0.20981556455240669,
      "prec_at_80_recall": 0.0,
      "prec_at_90_recall": 0.0
    },
    "Agreement Date": {
      "aupr": 0.6874278004607548,
      "prec_at_80_recall": 0.6785714285714286,
      "prec_at_90_recall": 0.0
    },
    "Anti-Assignment": {
      "aupr": 0.2235364218680173,
      "prec_at_80_recall": 0.0,
      "prec_at_90_recall": 0.0
    },
    "Audit Rights": {
      "aupr": 0.1469832163456666,
      "prec_at_80_recall": 0.0,
      "prec_at_90_recall": 0.0
    },
    "Cap On Liability": {
      "aupr": 0.19387012935928785,
      "prec_at_80_recall": 0.0,
      "prec_at_90_recall": 0.0
    },
    "Change Of Control": {
      "aupr": 0.1641388817747052,
      "prec_at_80_recall": 0.0,
      "prec_at_90_recall": 0.0
    },
    "Competitive Restriction Exception": {
      "aupr": 0.047011213187683774,
      "prec_at_80_recall": 0.0,
      "prec_at_90_recall": 0.0
    },
    "Covenant Not To Sue": {
      "aupr": 0.10715115025459851,
      "prec_at_80_recall": 0.0,
      "prec_at_90_recall": 0.0
    },
    "Document Name": {
      "aupr": 0.7111154568210263,
      "prec_at_80_recall": 0.7153846153846154,
      "prec_at_90_recall": 0.7153846153846154
    },
    "Effective Date": {
      "aupr": 0.368567731053582,
      "prec_at_80_recall": 0.0,
      "prec_at_90_recall": 0.0
    },
    "Exclusivity": {
      "aupr": 0.21517176883748954,
      "prec_at_80_recall": 0.0,
      "prec_at_90_recall": 0.0
    },
    "Expiration Date": {
      "aupr": 0.6326911060856879,
      "prec_at_80_recall": 0.582089552238806,
      "prec_at_90_recall": 0.582089552238806
    },
    "Governing Law": {
      "aupr": 0.6691385497013428,
      "prec_at_80_recall": 0.7227722772277227,
      "prec_at_90_recall": 0.7192982456140351
    },
    "Insurance": {
      "aupr": 0.22584289856318546,
      "prec_at_80_recall": 0.0,
      "prec_at_90_recall": 0.0
    },
    "Ip Ownership Assignment": {
      "aupr": 0.1431587911945016,
      "prec_at_80_recall": 0.0,
      "prec_at_90_recall": 0.0
    },
    "Irrevocable Or Perpetual License": {
      "aupr": 0.5935703788964659,
      "prec_at_80_recall": 0.0,
      "prec_at_90_recall": 0.0
    },
    "Joint Ip Ownership": {
      "aupr": 0.18376623376623374,
      "prec_at_80_recall": 0.0,
      "prec_at_90_recall": 0.0
    },
    "License Grant": {
      "aupr": 0.3649134465844503,
      "prec_at_80_recall": 0.0,
      "prec_at_90_recall": 0.0
    },
    "Liquidated Damages": {
      "aupr": 0.13141342353298877,
      "prec_at_80_recall": 0.0,
      "prec_at_90_recall": 0.0
    },
    "Minimum Commitment": {
      "aupr": 0.16246165657379694,
      "prec_at_80_recall": 0.0,
      "prec_at_90_recall": 0.0
    },
    "Most Favored Nation": {
      "aupr": 0.3,
      "prec_at_80_recall": 0.0,
      "prec_at_90_recall": 0.0
    },
    "No-Solicit Of Customers": {
      "aupr": 0.29583333333333334,
      "prec_at_80_recall": 0.0,
      "prec_at_90_recall": 0.0
    },
    "No-Solicit Of Employees": {
      "aupr": 0.36620759414877063,
      "prec_at_80_recall": 0.0,
      "prec_at_90_recall": 0.0
    },
    "Non-Compete": {
      "aupr": 0.16376630847424992,
      "prec_at_80_recall": 0.0,
      "prec_at_90_recall": 0.0
    },
    "Non-Disparagement": {
      "aupr": 0.22869318181818182,
      "prec_at_80_recall": 0.0,
      "prec_at_90_recall": 0.0
    },
    "Non-Transferable License": {
      "aupr": 0.4421946003742315,
      "prec_at_80_recall": 0.0,
      "prec_at_90_recall": 0.0
    },
    "Notice Period To Terminate Renewal": {
      "aupr": 0.4177955845833753,
      "prec_at_80_recall": 0.3488372093023256,
      "prec_at_90_recall": 0.0
    },
    "Parties": {
      "aupr": 0.2466424621120754,
      "prec_at_80_recall": 0.0,
      "prec_at_90_recall": 0.0
    },
    "Post-Termination Services": {
      "aupr": 0.05316288453149366,
      "prec_at_80_recall": 0.0,
      "prec_at_90_recall": 0.0
    },
    "Price Restrictions": {
      "aupr": 0.0,
      "prec_at_80_recall": 0.0,
      "prec_at_90_recall": 0.0
    },
    "Renewal Term": {
      "aupr": 0.42326850094876656,
      "prec_at_80_recall": 0.0,
      "prec_at_90_recall": 0.0
    },
    "Revenue/Profit Sharing": {
      "aupr": 0.18082913511483822,
      "prec_at_80_recall": 0.0,
      "prec_at_90_recall": 0.0
    },
    "Rofr/Rofo/Rofn": {
      "aupr": 0.2128638270368664,
      "prec_at_80_recall": 0.0,
      "prec_at_90_recall": 0.0
    },
    "Source Code Escrow": {
      "aupr": 0.1,
      "prec_at_80_recall": 0.0,
      "prec_at_90_recall": 0.0
    },
    "Termination For Convenience": {
      "aupr": 0.462765637305261,
      "prec_at_80_recall": 0.0,
      "prec_at_90_recall": 0.0
    },
    "Third Party Beneficiary": {
      "aupr": 0.5852272727272727,
      "prec_at_80_recall": 0.0,
      "prec_at_90_recall": 0.0
    },
    "Uncapped Liability": {
      "aupr": 0.1498991195891416,
      "prec_at_80_recall": 0.0,
      "prec_at_90_recall": 0.0
    },
    "Unlimited/All-You-Can-Eat-License": {
      "aupr": 0.08333333333333333,
      "prec_at_80_recall": 0.0,
      "prec_at_90_recall": 0.0
    },
    "Volume Restriction": {
      "aupr": 0.007733873691320499,
      "prec_at_80_recall": 0.0,
      "prec_at_90_recall": 0.0
    },
    "Warranty Duration": {
      "aupr": 0.05263157894736842,
      "prec_at_80_recall": 0.0,
      "prec_at_90_recall": 0.0
    }
  },
  "cost": {
    "model": "local:Qwen3-14B+checkpoint-1250",
    "calls": 102,
    "input_tokens": 0,
    "cache_write_tokens": 0,
    "cache_read_tokens": 0,
    "output_tokens": 0,
    "cache_hit_rate": 0.0,
    "cost_usd": 0.0,
    "pricing_known": false
  },
  "cost_per_contract_usd": 0.0,
  "extrapolated_full_test_usd": 0.0,
  "cumulative_spend_usd": 493.9412
}